"","RMSE","MAE","R2"
"1",29.1515417162451,22.819560301842,0.87256682457753
