"","RMSE","MAE","R2"
"1",22.8258845670737,17.8714752508682,0.909776833581663
