"","RMSE","MAE","R2"
"1",8.11832589481155,6.0683206204469,0.703498266550293
