"","RMSE","MAE","R2"
"1",10.422506166311,7.72815413237842,0.494220687627639
