"","RMSE","MAE","R2"
"1",8.84425274394869,6.4148259552134,0.623317385895191
