"","RMSE","MAE","R2"
"1",27.9229775693002,21.54018025556,0.88700087967478
