"","RMSE","MAE","R2"
"1",9.31234540095273,6.55188129352434,0.596162734427065
