"","RMSE","MAE","R2"
"1",23.169019369434,18.2489204312176,0.907041421376834
