"","RMSE","MAE","R2"
"1",24.0565842964094,19.2927899230948,0.89662009260366
