"","RMSE","MAE","R2"
"1",9.47623356244494,7.25902725159603,0.596021677535005
