"","RMSE","MAE","R2"
"1",8.90124393130101,6.89586568181342,0.644951184149158
